,Rk,Team,G,MP,FG,FGA,FG%,3P,3PA,3P%,2P,2PA,2P%,FT,FTA,FT%,ORB,DRB,TRB,AST,STL,BLK,TOV,PF,PTS,Age,MOV,Pace,TS%,W,L,Year
0,1.0,Cleveland Cavaliers,82,242.4,39.0,83.5,0.468,11.3,30.6,0.368,27.8,52.9,0.525,17.5,22.4,0.782,9.8,31.5,41.2,23.0,7.0,4.4,15.7,20.4,106.9,25.4,5.38,95.7,0.59,51.0,31.0,2023
1,2.0,Miami Heat,82,241.5,40.1,83.2,0.482,13.1,35.8,0.367,27.0,47.4,0.569,16.5,21.1,0.781,8.9,33.0,41.8,25.6,7.0,3.8,15.7,20.0,109.8,27.7,-0.32,96.3,0.574,44.0,38.0,2023
2,3.0,Philadelphia 76ers,82,242.4,40.4,85.4,0.473,11.6,33.4,0.348,28.8,52.1,0.553,18.5,23.7,0.781,9.5,31.6,41.2,24.2,6.6,4.6,14.3,19.6,110.9,28.2,4.32,96.9,0.608,54.0,28.0,2023
3,4.0,Boston Celtics,82,243.7,41.8,90.2,0.463,11.6,33.7,0.345,30.1,56.5,0.534,16.2,21.1,0.769,9.7,34.3,44.0,23.1,6.6,3.9,12.7,19.1,111.4,27.4,6.52,98.5,0.6,57.0,25.0,2023
4,5.0,Toronto Raptors,82,241.5,40.4,82.3,0.491,12.2,32.6,0.374,28.2,49.7,0.567,18.4,23.1,0.797,9.2,33.0,42.3,26.2,6.0,4.6,16.7,19.6,111.4,25.8,1.48,97.1,0.555,41.0,41.0,2023
5,6.0,Phoenix Suns,82,241.2,40.0,85.9,0.466,11.4,32.0,0.357,28.6,53.9,0.53,20.1,25.6,0.786,10.2,32.6,42.9,23.4,7.2,4.0,14.4,19.9,111.6,28.1,2.07,98.2,0.57,45.0,37.0,2023
6,7.0,Chicago Bulls,82,242.7,40.7,87.1,0.468,13.2,37.1,0.357,27.5,50.0,0.55,17.1,22.0,0.779,9.6,33.7,43.3,26.0,6.7,4.7,15.0,18.7,111.8,27.5,1.29,98.5,0.587,40.0,42.0,2023
7,8.0,Denver Nuggets,82,240.9,41.7,87.4,0.478,11.4,33.1,0.344,30.4,54.3,0.559,17.6,22.7,0.775,10.1,30.7,40.8,25.7,7.9,4.2,13.5,19.5,112.5,26.6,3.33,98.1,0.601,53.0,29.0,2023
8,9.0,Brooklyn Nets,82,240.6,41.0,88.5,0.463,11.8,32.2,0.367,29.2,56.3,0.518,18.7,24.4,0.767,11.5,33.6,45.1,23.4,7.0,3.9,13.7,18.5,112.5,28.0,0.85,98.3,0.598,45.0,37.0,2023
9,10.0,New Orleans Pelicans,82,242.1,40.9,86.6,0.472,12.2,36.0,0.339,28.7,50.6,0.567,18.4,23.6,0.779,9.7,32.1,41.8,24.9,7.3,4.7,15.0,20.4,112.5,25.9,1.89,99.1,0.582,42.0,40.0,2023
10,11.0,Memphis Grizzlies,82,241.2,40.7,89.8,0.453,13.0,36.6,0.355,27.7,53.3,0.521,18.5,23.5,0.787,11.0,33.4,44.4,26.4,6.8,5.2,15.1,20.0,113.0,24.4,3.94,101.1,0.57,51.0,31.0,2023
11,12.0,New York Knicks,82,243.4,40.8,88.2,0.462,13.0,36.5,0.357,27.7,51.7,0.537,18.5,23.7,0.782,10.1,31.9,42.0,25.1,6.0,4.5,12.7,20.7,113.1,24.5,2.93,97.1,0.577,47.0,35.0,2023
12,13.0,Los Angeles Clippers,82,241.8,41.8,88.3,0.474,12.2,33.4,0.365,29.6,54.9,0.539,17.2,22.3,0.771,10.2,32.9,43.1,25.0,7.8,4.2,13.0,19.6,113.1,29.7,0.5,98.0,0.588,44.0,38.0,2023
13,14.0,Milwaukee Bucks,82,241.8,42.5,93.2,0.456,12.1,34.1,0.354,30.4,59.1,0.514,16.3,21.0,0.776,10.7,33.5,44.2,23.9,7.0,3.9,11.8,19.0,113.3,29.8,3.63,100.5,0.583,58.0,24.0,2023
14,15.0,Orlando Magic,82,241.2,41.3,86.9,0.476,13.0,37.0,0.351,28.4,50.0,0.567,18.3,23.0,0.796,9.5,32.5,42.0,25.9,7.7,5.1,14.7,20.5,114.0,23.1,-2.56,99.3,0.573,34.0,48.0,2023
15,16.0,Dallas Mavericks,82,243.0,41.8,86.2,0.485,11.1,31.7,0.352,30.6,54.5,0.562,19.5,25.0,0.781,10.1,34.6,44.7,24.9,6.4,3.8,13.1,21.8,114.1,27.8,0.07,96.6,0.599,38.0,44.0,2023
16,17.0,Washington Wizards,82,240.9,42.5,89.8,0.473,12.0,32.8,0.366,30.5,57.0,0.534,17.5,21.9,0.798,10.8,32.3,43.0,24.8,7.1,5.0,12.3,19.4,114.4,26.2,-1.21,98.6,0.585,35.0,47.0,2023
17,18.0,Minnesota Timberwolves,82,241.8,41.8,88.7,0.471,12.3,33.3,0.369,29.5,55.5,0.532,19.9,26.0,0.766,11.3,33.3,44.7,25.0,8.2,4.1,15.4,20.2,115.8,25.8,-0.04,101.0,0.592,42.0,40.0,2023
18,19.0,Oklahoma City Thunder,82,242.1,41.9,88.4,0.474,12.9,36.0,0.358,29.0,52.4,0.553,19.6,25.5,0.771,12.0,34.6,46.6,25.9,7.0,5.5,16.8,20.4,116.4,22.8,1.09,101.1,0.57,40.0,42.0,2023
19,20.0,Los Angeles Lakers,82,242.4,44.0,93.9,0.469,12.5,36.5,0.344,31.5,57.4,0.548,16.1,20.8,0.773,11.1,33.8,44.9,25.7,7.6,5.1,12.6,21.5,116.6,27.9,0.57,101.3,0.582,43.0,39.0,2023
20,21.0,Golden State Warriors,82,241.8,42.4,90.5,0.469,12.9,35.5,0.364,29.5,55.0,0.536,19.4,25.2,0.769,10.7,32.6,43.3,25.7,7.9,4.0,14.3,18.4,117.1,27.3,1.8,101.6,0.6,44.0,38.0,2023
21,22.0,Charlotte Hornets,82,241.8,43.0,90.1,0.477,12.2,34.3,0.357,30.7,55.8,0.55,19.0,24.0,0.795,10.9,35.3,46.2,25.9,7.0,5.7,14.4,20.3,117.2,25.3,-6.24,100.8,0.55,27.0,55.0,2023
22,23.0,Portland Trail Blazers,82,240.6,43.0,87.5,0.491,12.5,33.1,0.379,30.4,54.4,0.559,19.0,24.1,0.787,10.5,32.8,43.2,27.0,7.8,4.3,13.5,20.5,117.4,25.1,-4.01,98.6,0.589,33.0,49.0,2023
23,24.0,Utah Jazz,82,241.5,43.4,91.6,0.473,12.5,34.5,0.361,30.9,57.1,0.54,18.8,24.3,0.776,11.2,32.2,43.5,25.0,7.8,4.9,12.6,20.5,118.0,26.5,-0.94,100.5,0.584,37.0,45.0,2023
24,25.0,Sacramento Kings,82,241.8,43.8,88.9,0.492,12.5,33.4,0.373,31.3,55.5,0.564,18.1,23.0,0.787,9.7,32.5,42.2,26.7,7.3,4.2,14.2,20.9,118.1,25.4,2.65,100.3,0.608,48.0,34.0,2023
25,26.0,Atlanta Hawks,82,242.1,43.8,90.2,0.486,11.9,33.5,0.356,31.9,56.7,0.562,18.6,23.2,0.803,10.6,33.5,44.1,26.0,7.5,5.0,14.2,19.7,118.1,24.9,0.29,100.7,0.579,41.0,41.0,2023
26,27.0,Detroit Pistons,82,241.5,43.1,88.1,0.489,12.0,33.3,0.36,31.1,54.8,0.568,20.4,26.2,0.777,11.0,33.7,44.7,25.8,7.7,5.5,13.5,21.0,118.5,24.1,-8.22,99.0,0.561,17.0,65.0,2023
27,28.0,Houston Rockets,82,240.9,42.4,88.1,0.482,14.5,38.8,0.374,27.9,49.3,0.567,19.2,24.2,0.794,10.5,31.0,41.5,26.1,8.8,6.2,13.2,20.6,118.6,22.1,-7.85,99.0,0.554,22.0,60.0,2023
28,29.0,Indiana Pacers,82,240.9,43.3,89.3,0.485,12.4,33.3,0.373,30.9,56.0,0.551,20.5,25.6,0.8,12.1,33.2,45.3,26.4,7.9,5.3,15.1,20.2,119.5,24.5,-3.18,101.1,0.581,35.0,47.0,2023
29,30.0,San Antonio Spurs,82,242.1,46.1,91.0,0.507,12.6,32.3,0.391,33.5,58.6,0.571,18.2,23.7,0.77,10.7,34.3,45.0,26.8,8.1,5.3,13.8,18.5,123.1,23.9,-10.04,101.6,0.554,22.0,60.0,2023
0,1.0,Boston Celtics,82,242.7,38.3,88.1,0.434,11.8,34.9,0.339,26.4,53.2,0.497,16.1,20.6,0.783,10.5,33.3,43.7,21.6,7.5,4.6,13.8,19.4,104.5,26.1,7.28,96.6,0.578,51.0,31.0,2022
1,2.0,Dallas Mavericks,82,240.9,39.0,85.4,0.457,10.9,32.1,0.34,28.1,53.2,0.527,15.8,20.6,0.767,9.5,34.1,43.6,23.5,7.0,3.7,13.1,20.1,104.7,26.7,3.3,95.4,0.572,52.0,30.0,2022
2,3.0,Golden State Warriors,82,240.6,37.9,86.6,0.438,12.2,36.0,0.339,25.7,50.6,0.509,17.4,22.9,0.759,9.7,33.0,42.6,22.9,7.9,3.9,14.5,18.0,105.5,27.6,5.54,98.4,0.582,53.0,29.0,2022
3,4.0,Miami Heat,82,242.1,37.5,84.0,0.447,13.0,38.3,0.339,24.6,45.7,0.537,17.5,22.5,0.779,9.5,32.1,41.7,23.3,7.4,4.0,15.0,20.6,105.6,28.2,4.45,95.9,0.584,53.0,29.0,2022
4,5.0,Cleveland Cavaliers,82,240.6,39.5,87.2,0.452,11.7,33.2,0.353,27.8,54.0,0.514,15.0,19.4,0.774,10.5,32.4,42.9,24.1,8.4,4.6,13.4,20.0,105.7,24.7,2.12,96.1,0.571,44.0,38.0,2022
5,6.0,New York Knicks,82,241.2,38.5,86.0,0.447,12.7,37.0,0.342,25.8,49.0,0.527,17.0,22.3,0.764,9.3,34.3,43.6,24.2,7.0,4.6,12.7,20.4,106.6,26.0,-0.12,95.9,0.55,37.0,45.0,2022
6,7.0,Toronto Raptors,82,242.1,39.0,84.4,0.462,12.4,34.9,0.354,26.6,49.5,0.538,16.8,21.2,0.789,10.3,33.7,44.0,25.3,6.7,5.1,15.8,19.1,107.1,24.8,2.29,96.0,0.543,48.0,34.0,2022
7,8.0,Phoenix Suns,82,240.6,39.2,88.3,0.444,11.6,34.2,0.34,27.6,54.1,0.51,17.3,22.7,0.761,10.5,33.9,44.5,22.9,7.5,4.0,14.7,18.9,107.3,27.5,7.5,99.8,0.581,64.0,18.0,2022
8,9.0,Philadelphia 76ers,82,241.5,39.7,86.5,0.458,11.4,32.8,0.346,28.3,53.7,0.527,16.6,21.6,0.769,10.2,34.0,44.2,23.6,6.6,4.6,13.3,19.4,107.3,26.8,2.61,96.2,0.578,51.0,31.0,2022
9,10.0,Utah Jazz,82,240.6,40.4,89.2,0.453,12.1,34.6,0.35,28.3,54.6,0.518,14.6,19.3,0.758,9.9,31.7,41.6,23.4,7.8,4.3,12.0,20.3,107.6,29.3,6.04,97.1,0.589,49.0,33.0,2022
10,11.0,Los Angeles Clippers,82,241.2,40.8,90.6,0.45,11.7,33.9,0.345,29.1,56.7,0.513,15.2,19.6,0.775,12.0,35.1,47.1,24.1,7.7,4.1,13.6,18.5,108.4,27.5,0.02,98.0,0.564,42.0,40.0,2022
11,12.0,Memphis Grizzlies,82,241.2,40.3,88.6,0.455,12.0,34.5,0.349,28.3,54.2,0.522,17.3,22.4,0.771,10.0,33.0,43.0,25.0,7.2,6.0,15.1,19.8,109.9,24.0,5.68,100.3,0.553,56.0,26.0,2022
12,13.0,New Orleans Pelicans,82,240.9,40.3,85.5,0.471,13.0,35.5,0.365,27.3,50.0,0.546,16.8,21.4,0.786,9.3,32.5,41.8,24.9,7.4,4.8,14.2,20.5,110.3,25.6,-0.99,97.2,0.557,36.0,46.0,2022
13,14.0,Denver Nuggets,82,241.5,41.1,87.4,0.47,11.8,34.2,0.346,29.2,53.2,0.549,16.5,21.7,0.757,9.7,32.7,42.4,25.4,7.9,4.8,12.8,19.9,110.4,27.7,2.3,97.8,0.59,48.0,34.0,2022
14,15.0,Oklahoma City Thunder,82,241.5,41.4,90.5,0.458,13.6,38.7,0.353,27.8,51.8,0.536,15.3,19.9,0.771,11.0,37.3,48.4,26.1,8.5,6.0,13.2,17.8,111.8,22.4,-8.1,98.5,0.53,24.0,58.0,2022
15,16.0,Washington Wizards,82,241.8,41.3,88.9,0.464,11.5,31.8,0.361,29.8,57.1,0.522,18.0,22.3,0.807,10.2,34.0,44.2,23.7,7.3,4.2,11.9,19.9,112.0,25.9,-3.38,97.0,0.568,35.0,47.0,2022
16,17.0,Chicago Bulls,82,240.6,41.4,87.4,0.474,11.7,32.0,0.366,29.7,55.5,0.536,17.4,21.9,0.795,9.3,33.9,43.2,25.0,7.1,5.0,13.1,18.2,112.0,26.3,-0.39,98.3,0.579,46.0,36.0,2022
17,18.0,Milwaukee Bucks,82,240.9,41.4,90.6,0.456,14.5,40.6,0.356,26.9,50.0,0.537,15.0,19.9,0.751,9.9,34.2,44.1,25.9,7.4,4.4,13.0,19.7,112.1,28.5,3.35,99.9,0.58,51.0,31.0,2022
18,19.0,Brooklyn Nets,82,240.9,40.7,90.2,0.452,12.5,36.3,0.345,28.2,53.9,0.523,18.1,23.0,0.788,11.3,32.8,44.1,23.8,7.9,4.9,13.3,19.7,112.1,29.1,0.78,99.0,0.576,44.0,38.0,2022
19,20.0,Orlando Magic,82,241.2,40.8,89.0,0.458,13.2,36.3,0.363,27.6,52.7,0.524,17.4,22.6,0.772,10.4,36.8,47.1,24.8,8.0,5.2,13.2,18.3,112.2,23.3,-8.0,99.2,0.538,22.0,60.0,2022
20,21.0,Atlanta Hawks,82,240.3,41.9,89.0,0.471,12.8,35.2,0.364,29.1,53.7,0.541,15.8,19.9,0.792,10.2,33.6,43.9,25.4,7.0,4.5,12.8,20.3,112.4,26.1,1.56,97.7,0.581,43.0,39.0,2022
21,22.0,Detroit Pistons,82,241.2,40.6,86.0,0.473,11.8,32.5,0.362,28.9,53.5,0.54,19.5,25.1,0.777,10.3,35.9,46.3,25.1,7.4,5.2,14.6,19.8,112.5,23.6,-7.72,98.4,0.533,23.0,59.0,2022
22,23.0,San Antonio Spurs,82,241.5,42.5,91.2,0.466,12.1,33.6,0.36,30.4,57.5,0.528,16.0,20.9,0.767,11.4,35.4,46.8,24.0,7.3,4.9,13.8,18.9,113.0,24.5,0.12,100.0,0.556,34.0,48.0,2022
23,24.0,Minnesota Timberwolves,82,241.2,40.2,87.4,0.46,13.1,37.3,0.35,27.2,50.0,0.543,19.8,25.4,0.78,11.0,34.9,45.9,26.2,7.2,4.8,16.3,20.9,113.3,24.2,2.63,100.9,0.573,46.0,36.0,2022
24,25.0,Indiana Pacers,82,242.4,42.5,88.0,0.483,12.0,32.3,0.372,30.5,55.7,0.547,17.9,22.5,0.797,10.2,33.0,43.1,25.1,8.1,4.9,13.3,19.2,114.9,26.0,-3.48,98.0,0.564,25.0,57.0,2022
25,26.0,Charlotte Hornets,82,242.4,42.0,90.1,0.466,14.0,38.7,0.362,28.0,51.4,0.544,16.9,22.1,0.763,11.4,35.6,47.0,26.5,7.5,4.6,15.0,19.6,114.9,25.5,0.44,100.0,0.572,43.0,39.0,2022
26,27.0,Los Angeles Lakers,82,243.7,42.6,90.5,0.47,12.6,35.8,0.352,30.0,54.7,0.548,17.4,23.3,0.747,11.0,35.6,46.6,26.3,8.3,4.1,14.0,20.1,115.1,30.2,-3.05,100.1,0.567,33.0,49.0,2022
27,28.0,Portland Trail Blazers,82,240.6,41.1,85.9,0.479,13.8,37.1,0.371,27.4,48.8,0.561,19.1,24.6,0.777,9.8,35.0,44.7,26.6,8.2,5.0,14.0,19.4,115.1,25.6,-8.88,98.3,0.55,27.0,55.0,2022
28,29.0,Sacramento Kings,82,241.5,43.4,90.6,0.479,13.0,34.9,0.372,30.4,55.7,0.547,15.9,20.5,0.776,10.6,35.3,45.8,25.3,8.1,4.8,13.5,20.3,115.8,25.8,-5.46,99.8,0.561,30.0,52.0,2022
29,30.0,Houston Rockets,82,240.9,43.4,89.9,0.483,12.8,36.2,0.353,30.7,53.8,0.57,18.5,23.7,0.782,11.2,34.5,45.7,25.6,9.5,5.8,14.1,22.1,118.2,24.1,-8.48,100.9,0.565,20.0,62.0,2022
0,1.0,New York Knicks,72,242.1,37.9,86.2,0.44,12.0,35.6,0.337,25.9,50.6,0.512,16.9,22.2,0.761,9.7,34.4,44.1,23.6,6.6,5.4,12.8,17.9,104.7,25.6,2.31,95.9,0.559,41.0,31.0,2021
1,2.0,Los Angeles Lakers,72,242.4,39.8,86.4,0.46,11.4,32.2,0.352,28.4,54.2,0.524,15.9,20.5,0.776,8.8,33.2,42.0,24.7,8.2,4.5,15.2,21.3,106.8,28.2,2.79,98.7,0.569,42.0,30.0,2021
2,3.0,Utah Jazz,72,241.0,40.9,91.4,0.447,10.9,31.8,0.341,30.0,59.6,0.504,14.5,18.9,0.768,9.8,32.8,42.6,22.3,7.7,3.9,11.5,19.0,107.2,28.5,9.25,98.5,0.597,52.0,20.0,2021
3,4.0,Los Angeles Clippers,72,240.0,40.1,86.4,0.464,11.6,32.5,0.356,28.5,53.9,0.529,16.1,20.7,0.777,9.2,32.0,41.2,22.9,7.1,4.2,12.8,18.1,107.8,28.8,6.18,96.9,0.599,47.0,25.0,2021
4,5.0,Miami Heat,72,241.4,39.1,85.2,0.459,14.3,39.1,0.365,24.8,46.2,0.538,15.6,19.9,0.782,9.5,33.4,42.9,25.8,7.5,4.0,15.1,19.6,108.0,27.4,0.03,96.6,0.581,40.0,32.0,2021
5,6.0,Philadelphia 76ers,72,242.1,39.4,86.9,0.453,11.9,33.0,0.36,27.5,53.9,0.51,17.4,22.8,0.764,9.8,33.2,42.9,23.5,7.2,4.7,15.6,21.0,108.1,27.1,5.58,99.5,0.579,49.0,23.0,2021
6,7.0,Phoenix Suns,72,242.8,40.5,86.8,0.467,11.6,32.8,0.354,28.9,54.0,0.535,16.8,21.7,0.778,9.4,33.3,42.7,22.9,6.9,3.6,13.6,18.0,109.5,26.6,5.82,97.2,0.597,51.0,21.0,2021
7,8.0,Denver Nuggets,72,242.8,40.0,85.4,0.469,13.0,35.7,0.363,27.1,49.7,0.545,17.1,22.1,0.773,9.1,32.1,41.2,25.9,7.5,4.5,14.1,19.2,110.1,26.1,4.93,97.1,0.588,47.0,25.0,2021
8,9.0,Dallas Mavericks,72,240.3,40.1,87.1,0.46,12.8,35.2,0.365,27.2,51.8,0.525,17.2,22.5,0.764,9.8,34.2,43.9,22.7,7.3,3.7,12.6,20.1,110.2,26.3,2.26,97.3,0.582,42.0,30.0,2021
9,10.0,Detroit Pistons,72,242.1,41.4,86.9,0.476,11.3,31.4,0.362,30.0,55.6,0.541,17.0,22.3,0.76,10.0,34.4,44.3,24.8,8.0,5.8,13.9,20.4,111.1,24.5,-4.47,97.9,0.556,20.0,52.0,2021
10,11.0,Boston Celtics,72,241.4,39.9,86.0,0.464,12.8,34.3,0.374,27.1,51.6,0.524,18.5,23.5,0.785,9.4,33.1,42.5,24.1,7.4,4.6,14.1,19.3,111.2,25.1,1.46,98.3,0.574,36.0,36.0,2021
11,12.0,Atlanta Hawks,72,241.7,41.3,89.1,0.463,11.9,34.2,0.349,29.3,55.0,0.534,16.9,21.1,0.803,10.0,32.7,42.7,24.4,7.7,5.0,12.3,19.8,111.4,25.4,2.32,97.6,0.581,41.0,31.0,2021
12,13.0,Charlotte Hornets,72,241.0,41.3,88.1,0.468,14.5,39.5,0.366,26.8,48.6,0.552,14.4,19.3,0.745,10.6,34.5,45.2,27.1,8.1,4.8,14.8,18.6,111.4,24.6,-1.93,98.3,0.564,33.0,39.0,2021
13,14.0,Chicago Bulls,72,241.4,41.4,87.7,0.473,11.5,32.3,0.356,29.9,55.3,0.541,17.2,22.2,0.774,8.7,33.5,42.1,24.1,8.5,5.1,12.7,17.7,111.6,25.6,-0.89,99.0,0.575,31.0,41.0,2021
14,15.0,Toronto Raptors,72,240.3,39.0,84.7,0.461,13.9,36.7,0.379,25.1,48.0,0.523,19.8,24.8,0.799,10.0,35.9,45.9,26.0,6.6,5.6,16.1,19.5,111.7,26.6,-0.47,99.2,0.567,27.0,45.0,2021
15,16.0,Memphis Grizzlies,72,241.7,41.0,88.7,0.462,12.9,35.1,0.367,28.2,53.6,0.525,17.4,22.1,0.788,9.8,34.9,44.7,25.4,7.7,5.2,14.8,18.3,112.3,24.2,1.03,100.4,0.56,38.0,34.0,2021
16,17.0,Cleveland Cavaliers,72,242.1,42.0,86.7,0.484,12.4,32.4,0.383,29.6,54.3,0.545,15.9,20.4,0.779,9.9,33.8,43.7,25.4,8.5,5.9,14.3,20.2,112.3,24.0,-8.44,97.3,0.543,22.0,50.0,2021
17,18.0,Golden State Warriors,72,240.3,40.2,89.0,0.452,12.4,34.5,0.359,27.9,54.5,0.511,19.8,25.5,0.778,10.7,36.6,47.3,23.8,7.9,4.3,15.0,19.5,112.7,26.7,1.06,102.2,0.583,39.0,33.0,2021
18,19.0,San Antonio Spurs,72,242.8,42.4,89.8,0.472,12.3,32.6,0.377,30.1,57.2,0.527,15.7,20.7,0.758,10.2,37.2,47.4,24.8,6.3,5.1,13.2,18.6,112.8,26.2,-1.74,98.9,0.554,33.0,39.0,2021
19,20.0,Orlando Magic,72,240.7,42.2,89.7,0.471,13.7,36.8,0.373,28.5,52.9,0.539,15.2,19.3,0.786,9.8,37.6,47.4,26.0,7.6,5.3,12.7,18.7,113.3,25.6,-9.31,98.7,0.527,21.0,51.0,2021
20,21.0,Brooklyn Nets,72,241.7,41.9,91.3,0.459,13.2,36.2,0.365,28.7,55.1,0.521,17.1,22.0,0.775,10.5,32.6,43.1,24.0,7.6,4.6,12.6,18.9,114.1,28.2,4.5,99.5,0.61,48.0,24.0,2021
21,22.0,Milwaukee Bucks,72,240.7,42.4,92.9,0.456,14.8,38.6,0.384,27.6,54.3,0.507,14.6,18.8,0.78,9.6,33.8,43.4,25.1,7.0,4.8,13.2,18.3,114.2,28.1,5.89,102.2,0.593,46.0,26.0,2021
22,23.0,Portland Trail Blazers,72,240.3,41.8,88.3,0.473,12.9,34.6,0.372,28.9,53.6,0.538,17.9,22.8,0.787,9.9,35.5,45.4,24.9,6.1,4.6,12.4,19.1,114.3,27.4,1.79,98.4,0.577,42.0,30.0,2021
23,24.0,New Orleans Pelicans,72,242.1,41.9,89.3,0.469,14.5,38.1,0.38,27.4,51.2,0.535,16.6,21.1,0.79,8.9,32.9,41.8,25.9,7.7,5.9,13.3,21.3,114.9,24.8,-0.29,100.1,0.57,31.0,41.0,2021
24,25.0,Indiana Pacers,72,242.4,42.7,91.3,0.468,11.5,31.5,0.366,31.2,59.9,0.521,18.4,23.5,0.782,11.3,35.5,46.8,26.1,7.4,5.3,14.8,18.1,115.3,26.5,-0.04,101.6,0.575,34.0,38.0,2021
25,26.0,Oklahoma City Thunder,72,241.0,43.4,91.7,0.473,13.6,37.3,0.364,29.8,54.4,0.548,15.3,19.8,0.773,10.1,37.0,47.1,25.8,9.0,5.3,13.1,18.6,115.6,22.8,-10.64,101.0,0.539,22.0,50.0,2021
26,27.0,Houston Rockets,72,240.3,42.7,89.0,0.48,13.4,35.2,0.382,29.3,53.9,0.544,17.9,22.8,0.783,9.9,37.7,47.6,25.8,8.5,5.3,14.7,19.3,116.7,26.5,-7.9,101.4,0.553,17.0,55.0,2021
27,28.0,Sacramento Kings,72,240.3,43.6,89.4,0.488,12.4,32.6,0.38,31.2,56.8,0.549,17.8,22.7,0.787,10.7,34.6,45.2,25.3,7.6,4.7,13.7,18.7,117.4,25.6,-3.68,100.0,0.578,31.0,41.0,2021
28,29.0,Minnesota Timberwolves,72,241.7,43.0,89.3,0.482,13.1,33.5,0.392,29.9,55.8,0.536,18.5,23.5,0.786,10.0,35.8,45.8,26.8,7.6,5.5,15.3,19.9,117.7,23.2,-5.56,101.6,0.555,23.0,49.0,2021
29,30.0,Washington Wizards,72,241.7,43.1,91.6,0.471,12.4,33.7,0.369,30.7,57.9,0.529,19.8,25.4,0.781,10.3,35.8,46.1,24.5,8.2,4.8,14.7,22.0,118.5,26.6,-1.83,104.1,0.569,34.0,38.0,2021
0,1.0,Toronto Raptors,72,241.4,37.8,88.3,0.428,13.1,38.9,0.337,24.7,49.5,0.499,17.8,23.2,0.769,10.9,35.1,46.1,25.6,7.2,5.5,16.8,20.4,106.5,26.6,6.24,100.9,0.574,53.0,19.0,2020
1,2.0,Boston Celtics,72,242.1,38.4,87.1,0.441,11.8,34.8,0.34,26.6,52.3,0.508,18.8,24.5,0.767,10.3,34.0,44.3,22.4,7.1,5.5,15.2,20.7,107.3,25.3,6.31,99.5,0.57,48.0,24.0,2020
2,3.0,Indiana Pacers,73,241.4,39.5,88.5,0.446,11.5,33.6,0.341,28.0,54.8,0.511,17.0,21.6,0.788,10.4,34.9,45.2,23.1,6.9,4.6,14.7,18.8,107.5,25.6,1.96,98.9,0.565,45.0,28.0,2020
3,4.0,Los Angeles Lakers,71,240.7,39.1,87.1,0.448,11.6,33.4,0.349,27.4,53.7,0.51,17.9,22.9,0.781,9.4,32.9,42.3,23.4,8.2,3.7,15.9,21.7,107.6,29.5,5.79,100.9,0.573,52.0,19.0,2020
4,5.0,Orlando Magic,73,240.7,40.4,86.9,0.465,12.2,33.6,0.364,28.2,53.3,0.529,15.3,19.8,0.771,9.0,35.8,44.9,24.7,7.0,4.6,14.6,19.5,108.3,26.1,-1.01,98.6,0.544,33.0,40.0,2020
5,6.0,Philadelphia 76ers,73,241.0,39.8,86.0,0.463,10.4,29.4,0.353,29.4,56.5,0.52,18.4,24.5,0.751,8.6,33.2,41.8,22.8,7.0,4.0,13.8,20.5,108.4,26.3,2.38,99.0,0.566,43.0,30.0,2020
6,7.0,Oklahoma City Thunder,72,242.1,40.8,89.6,0.455,11.3,33.3,0.34,29.5,56.4,0.523,15.5,19.6,0.795,10.5,34.3,44.8,23.0,7.0,4.0,14.2,22.8,108.4,25.5,1.99,98.8,0.573,44.0,28.0,2020
7,8.0,Milwaukee Bucks,73,241.0,38.9,94.0,0.414,14.0,39.3,0.355,25.0,54.7,0.457,16.7,21.2,0.787,9.5,36.3,45.8,24.2,7.4,4.5,14.1,21.7,108.6,29.2,10.08,105.1,0.583,56.0,17.0,2020
8,9.0,Utah Jazz,72,241.0,40.7,89.1,0.457,11.0,31.0,0.353,29.7,58.1,0.512,16.5,21.5,0.767,9.6,33.1,42.7,21.5,7.9,4.6,12.3,20.8,108.8,27.3,2.47,98.6,0.585,44.0,28.0,2020
9,10.0,Miami Heat,73,243.1,38.8,86.7,0.448,13.1,37.7,0.347,25.7,48.9,0.525,18.4,23.6,0.783,9.2,33.3,42.5,24.6,7.5,4.1,14.0,21.7,109.1,25.9,2.95,98.3,0.587,44.0,29.0,2020
10,11.0,Denver Nuggets,73,243.1,40.0,86.5,0.463,12.1,33.9,0.358,27.9,52.6,0.53,17.1,22.5,0.759,10.1,32.6,42.6,25.4,7.2,4.4,14.3,20.5,109.2,25.6,2.11,97.1,0.567,46.0,27.0,2020
11,12.0,Charlotte Hornets,65,242.3,41.7,87.5,0.476,12.4,35.1,0.352,29.3,52.5,0.558,14.0,18.4,0.758,10.9,35.0,46.0,26.6,8.0,5.0,14.4,20.6,109.6,24.3,-6.75,95.8,0.539,23.0,42.0,2020
12,13.0,Los Angeles Clippers,72,241.4,39.5,90.2,0.438,12.3,35.6,0.345,27.2,54.6,0.499,18.5,24.5,0.756,10.7,34.6,45.3,23.7,7.5,4.7,14.1,22.9,109.9,27.4,6.44,101.5,0.577,49.0,23.0,2020
13,14.0,Chicago Bulls,65,241.2,39.5,82.5,0.479,11.2,31.6,0.353,28.3,50.9,0.557,19.7,26.0,0.759,10.2,35.4,45.5,25.4,8.2,5.9,18.3,19.2,109.9,24.4,-3.08,99.7,0.547,22.0,43.0,2020
14,15.0,Detroit Pistons,66,241.9,41.9,87.3,0.48,10.7,29.6,0.361,31.3,57.8,0.541,16.2,20.9,0.777,10.1,33.4,43.5,24.6,8.2,5.6,14.0,19.8,110.8,25.9,-3.56,97.6,0.561,20.0,46.0,2020
15,16.0,Sacramento Kings,72,242.4,40.3,85.5,0.471,12.4,34.8,0.357,27.8,50.7,0.549,19.2,24.3,0.79,9.1,34.5,43.5,24.9,7.7,4.2,15.2,19.5,112.1,27.0,-2.04,98.9,0.566,31.0,41.0,2020
16,17.0,Dallas Mavericks,75,242.3,41.9,91.6,0.458,12.3,34.9,0.351,29.7,56.7,0.523,16.0,21.0,0.76,10.4,35.0,45.4,23.9,7.0,4.1,11.9,21.3,112.1,26.1,4.95,99.3,0.581,43.0,32.0,2020
17,18.0,Brooklyn Nets,72,242.8,41.4,92.9,0.446,12.2,34.8,0.35,29.2,58.1,0.503,17.4,22.6,0.769,10.6,35.3,45.9,22.6,7.7,5.3,12.8,21.1,112.3,26.3,-0.57,101.4,0.554,35.0,37.0,2020
18,19.0,New York Knicks,66,241.9,39.9,86.0,0.463,13.3,34.9,0.381,26.6,51.1,0.52,19.2,25.7,0.749,9.6,34.6,44.2,24.3,7.2,5.0,13.7,19.8,112.3,24.5,-6.45,98.6,0.531,21.0,45.0,2020
19,20.0,Phoenix Suns,73,241.0,41.2,87.4,0.472,11.6,32.0,0.363,29.6,55.4,0.535,19.3,24.5,0.788,9.1,34.2,43.3,23.6,7.9,5.5,15.6,22.6,113.4,24.6,0.22,101.3,0.576,34.0,39.0,2020
20,21.0,Memphis Grizzlies,73,240.7,40.6,90.3,0.45,12.9,35.3,0.365,27.7,55.0,0.504,19.6,25.0,0.782,10.4,34.5,44.9,24.8,8.0,5.3,14.8,20.2,113.7,24.1,-1.07,102.8,0.561,34.0,39.0,2020
21,22.0,Houston Rockets,72,241.4,42.3,91.5,0.462,12.2,35.0,0.349,30.1,56.5,0.532,18.0,23.7,0.761,11.2,36.7,47.9,25.3,8.0,4.9,16.2,21.0,114.8,29.2,2.96,103.7,0.578,44.0,28.0,2020
22,23.0,Cleveland Cavaliers,65,241.9,43.9,89.4,0.491,12.4,33.0,0.375,31.5,56.4,0.558,14.7,19.2,0.767,9.7,33.1,42.9,26.1,9.4,6.3,13.0,19.6,114.8,25.0,-7.89,98.7,0.553,19.0,46.0,2020
23,24.0,Golden State Warriors,65,241.9,42.2,88.6,0.476,13.5,34.8,0.389,28.7,53.8,0.533,17.1,21.9,0.783,10.2,36.3,46.5,26.1,8.2,4.9,15.6,20.1,115.0,24.4,-8.71,100.3,0.54,15.0,50.0,2020
24,25.0,San Antonio Spurs,71,242.5,42.3,90.2,0.469,13.1,35.1,0.373,29.2,55.1,0.53,17.4,22.5,0.777,9.4,35.9,45.3,25.7,6.8,4.3,13.2,20.1,115.2,27.6,-1.11,100.5,0.572,32.0,39.0,2020
25,26.0,Portland Trail Blazers,74,241.0,41.8,91.6,0.456,13.6,35.4,0.383,28.2,56.2,0.501,19.1,24.7,0.771,11.5,35.4,46.9,24.9,6.8,4.9,12.9,20.1,116.1,27.5,-1.15,100.7,0.57,35.0,39.0,2020
26,27.0,New Orleans Pelicans,72,242.1,42.7,91.8,0.465,12.2,33.9,0.361,30.5,58.0,0.526,19.4,24.7,0.789,10.1,34.7,44.8,24.5,8.5,4.8,14.5,21.1,117.1,25.4,-1.29,103.7,0.568,30.0,42.0,2020
27,28.0,Minnesota Timberwolves,64,243.1,43.1,90.4,0.477,11.6,31.9,0.363,31.6,58.5,0.539,19.7,25.2,0.783,10.1,37.2,47.3,24.4,7.8,5.5,15.5,21.6,117.5,24.8,-4.3,103.4,0.551,19.0,45.0,2020
28,29.0,Washington Wizards,72,241.0,43.1,88.4,0.488,12.4,33.1,0.376,30.7,55.2,0.555,20.4,26.3,0.778,10.5,35.7,46.2,25.2,7.5,5.0,16.2,22.2,119.1,25.1,-4.67,102.7,0.562,25.0,47.0,2020
29,30.0,Atlanta Hawks,67,243.0,43.3,90.7,0.478,11.9,32.7,0.363,31.4,58.0,0.542,21.2,27.4,0.772,11.2,35.9,47.0,25.0,9.0,6.4,15.0,21.0,119.7,24.1,-7.97,103.0,0.554,20.0,47.0,2020
0,1.0,Indiana Pacers,82,240.3,38.7,86.1,0.45,11.4,32.1,0.354,27.4,54.0,0.507,15.8,21.0,0.756,10.5,33.1,43.7,24.5,7.4,5.2,15.7,20.0,104.7,27.0,3.33,98.1,0.561,48.0,34.0,2019
1,2.0,Miami Heat,82,240.6,38.3,86.8,0.441,11.9,33.1,0.358,26.4,53.6,0.493,17.5,22.7,0.769,10.1,34.0,44.2,23.3,7.5,4.7,14.1,20.1,105.9,27.0,-0.23,98.2,0.542,39.0,43.0,2019
2,3.0,Memphis Grizzlies,82,242.4,37.6,83.4,0.451,11.6,32.2,0.36,26.0,51.2,0.508,19.3,24.7,0.784,9.5,35.2,44.7,23.4,7.6,4.9,15.2,21.4,106.1,27.7,-2.6,96.6,0.548,33.0,49.0,2019
3,4.0,Utah Jazz,82,240.9,40.0,88.5,0.452,9.8,27.7,0.355,30.1,60.7,0.496,16.7,22.2,0.753,8.9,33.7,42.6,21.6,8.5,4.6,13.9,22.4,106.5,27.3,5.26,100.3,0.572,50.0,32.0,2019
4,5.0,Orlando Magic,82,241.2,39.9,87.6,0.456,10.5,30.2,0.347,29.5,57.4,0.513,16.3,20.9,0.778,9.0,35.6,44.6,23.1,7.0,4.4,13.0,18.7,106.6,25.7,0.71,98.1,0.55,42.0,40.0,2019
5,6.0,Denver Nuggets,82,240.6,39.6,86.4,0.458,10.8,31.9,0.339,28.8,54.5,0.528,16.7,22.2,0.753,9.7,32.7,42.5,24.6,7.4,5.0,13.5,20.4,106.7,24.9,3.95,97.7,0.558,54.0,28.0,2019
6,7.0,Detroit Pistons,82,242.1,39.9,85.0,0.469,9.6,27.8,0.345,30.3,57.2,0.53,17.9,23.7,0.755,9.1,34.6,43.7,23.7,6.9,5.1,14.1,21.3,107.3,26.9,-0.24,97.4,0.544,41.0,41.0,2019
7,8.0,Boston Celtics,82,241.2,39.5,88.1,0.448,11.5,33.5,0.344,28.0,54.6,0.513,17.4,22.8,0.764,10.4,35.5,45.9,23.7,6.8,3.9,15.1,19.5,108.0,25.7,4.44,99.6,0.567,49.0,33.0,2019
8,9.0,Toronto Raptors,82,242.4,40.3,89.7,0.449,10.8,31.2,0.345,29.5,58.5,0.505,17.1,22.3,0.765,10.6,34.2,44.8,24.5,7.6,4.5,14.9,20.5,108.4,27.3,6.09,100.2,0.579,58.0,24.0,2019
9,10.0,Houston Rockets,82,241.8,40.4,86.7,0.466,10.1,29.8,0.34,30.3,56.9,0.532,18.2,23.7,0.768,11.0,34.5,45.4,23.5,7.4,4.5,15.0,20.0,109.1,29.2,4.77,97.9,0.581,53.0,29.0,2019
10,11.0,Milwaukee Bucks,82,241.2,40.5,93.5,0.433,13.1,36.3,0.361,27.4,57.2,0.479,15.1,20.7,0.733,9.9,35.4,45.3,24.8,6.8,4.8,13.4,20.2,109.3,26.9,8.87,103.3,0.583,60.0,22.0,2019
11,12.0,San Antonio Spurs,82,241.5,41.5,89.7,0.463,11.7,32.7,0.359,29.8,57.0,0.522,15.2,20.2,0.755,9.2,34.7,43.9,24.7,7.2,4.0,12.2,19.6,110.0,28.8,1.68,98.3,0.572,48.0,34.0,2019
12,13.0,Dallas Mavericks,82,241.2,40.9,89.2,0.459,11.2,32.5,0.344,29.7,56.7,0.525,17.1,22.0,0.777,10.2,34.6,44.8,24.5,7.8,4.5,13.0,23.2,110.1,26.9,-1.28,99.0,0.555,33.0,49.0,2019
13,14.0,Portland Trail Blazers,82,242.1,41.1,90.0,0.457,10.7,29.8,0.359,30.4,60.3,0.505,17.5,22.8,0.77,10.3,32.6,42.8,23.2,7.4,5.1,12.4,20.7,110.5,26.2,4.2,99.1,0.568,53.0,29.0,2019
14,15.0,Oklahoma City Thunder,82,242.1,40.8,88.7,0.46,11.2,31.6,0.356,29.5,57.1,0.517,18.3,24.0,0.761,9.9,35.8,45.7,24.9,8.2,5.1,16.7,22.5,111.1,25.7,3.4,102.8,0.545,49.0,33.0,2019
15,16.0,Golden State Warriors,82,241.5,40.4,91.1,0.444,11.6,33.6,0.347,28.8,57.5,0.5,18.7,24.2,0.773,10.8,33.5,44.3,24.3,7.7,3.6,13.5,19.5,111.2,28.4,6.46,100.9,0.596,57.0,25.0,2019
16,17.0,Charlotte Hornets,82,241.8,41.9,89.2,0.47,12.1,33.5,0.361,29.8,55.6,0.536,15.9,20.2,0.787,10.1,35.7,45.8,26.0,6.9,6.0,13.5,20.6,111.8,26.6,-1.1,98.7,0.554,39.0,43.0,2019
17,18.0,Brooklyn Nets,82,243.7,42.2,92.5,0.456,10.3,30.3,0.341,31.9,62.1,0.513,17.6,22.8,0.77,11.0,35.2,46.2,23.7,7.8,5.3,13.5,22.0,112.3,25.4,-0.07,100.8,0.556,42.0,40.0,2019
18,19.0,Philadelphia 76ers,82,241.5,41.7,91.5,0.455,10.3,30.0,0.342,31.4,61.5,0.511,18.8,24.5,0.768,10.0,33.5,43.5,23.4,7.7,4.1,12.7,22.1,112.5,26.4,2.7,101.6,0.574,51.0,31.0,2019
19,20.0,Chicago Bulls,82,242.7,42.2,89.2,0.473,12.1,33.0,0.365,30.2,56.2,0.537,16.8,22.0,0.763,10.0,36.4,46.4,25.5,7.3,5.8,13.3,18.7,113.4,24.0,-8.41,99.0,0.541,22.0,60.0,2019
20,21.0,Los Angeles Lakers,82,241.2,41.9,92.8,0.452,11.8,34.0,0.349,30.1,58.9,0.511,17.8,22.7,0.784,11.3,35.6,46.9,25.0,8.3,5.1,14.2,20.8,113.5,26.2,-1.72,103.2,0.554,37.0,45.0,2019
21,22.0,New York Knicks,82,241.2,41.9,89.7,0.467,11.8,32.6,0.363,30.1,57.1,0.527,18.2,23.8,0.766,10.7,36.8,47.5,25.6,7.4,5.6,13.2,20.8,113.8,23.4,-9.21,99.6,0.529,17.0,65.0,2019
22,23.0,Minnesota Timberwolves,82,241.8,42.1,90.1,0.467,12.7,33.6,0.378,29.4,56.5,0.52,17.1,22.3,0.767,11.2,34.4,45.6,26.2,6.6,5.5,14.7,21.9,114.0,26.2,-1.5,100.2,0.552,36.0,46.0,2019
23,24.0,Cleveland Cavaliers,82,240.9,43.2,87.2,0.495,12.0,31.6,0.38,31.2,55.6,0.561,15.8,20.5,0.77,9.5,34.6,44.1,25.7,6.9,5.6,12.5,19.4,114.1,25.2,-9.61,96.6,0.54,19.0,63.0,2019
24,25.0,Los Angeles Clippers,82,241.8,41.7,91.3,0.457,10.4,30.2,0.343,31.4,61.1,0.513,20.5,26.3,0.777,11.3,34.5,45.7,24.1,8.3,6.1,13.2,24.0,114.3,27.2,0.85,101.7,0.575,48.0,34.0,2019
25,26.0,Sacramento Kings,82,240.6,42.3,90.6,0.466,12.0,34.6,0.348,30.2,56.0,0.54,18.8,24.4,0.77,11.2,36.8,48.0,24.7,7.5,5.1,15.9,21.4,115.3,24.8,-1.12,103.1,0.554,39.0,43.0,2019
26,27.0,New Orleans Pelicans,82,240.9,43.3,92.8,0.466,12.3,33.7,0.364,31.0,59.1,0.525,17.9,23.5,0.764,11.0,34.8,45.8,26.5,8.6,5.4,13.6,21.0,116.8,25.7,-1.33,103.3,0.563,33.0,49.0,2019
27,28.0,Phoenix Suns,82,242.4,42.5,88.2,0.482,11.1,29.9,0.372,31.3,58.2,0.538,20.8,27.6,0.753,11.8,35.3,47.2,25.9,9.0,5.0,15.7,20.7,116.8,24.0,-9.34,100.5,0.552,19.0,63.0,2019
28,29.0,Washington Wizards,82,243.0,43.4,90.5,0.48,12.1,32.8,0.37,31.3,57.7,0.542,18.0,23.1,0.778,11.4,35.8,47.3,26.2,7.7,4.6,15.8,21.2,116.9,26.5,-2.9,101.4,0.567,32.0,50.0,2019
29,30.0,Atlanta Hawks,82,242.1,42.8,90.5,0.473,12.4,34.4,0.359,30.4,56.1,0.543,21.5,28.3,0.758,10.6,35.4,46.0,26.9,9.9,5.5,15.0,22.2,119.4,25.1,-6.02,103.9,0.555,29.0,53.0,2019
0,1.0,Utah Jazz,82,240.9,37.3,83.0,0.449,9.5,26.0,0.365,27.8,57.0,0.488,15.8,20.5,0.771,8.7,33.0,41.6,20.0,8.3,4.6,14.9,20.5,99.8,26.7,4.3,95.7,0.564,48.0,34.0,2018
1,2.0,San Antonio Spurs,82,240.6,38.2,84.3,0.453,9.1,26.3,0.348,29.0,58.0,0.501,14.3,18.9,0.759,9.2,33.3,42.5,21.8,7.6,3.9,14.1,19.7,99.8,29.3,2.89,95.0,0.543,47.0,35.0,2018
2,3.0,Boston Celtics,82,241.5,37.4,85.0,0.44,9.4,27.7,0.339,28.0,57.4,0.488,16.3,21.3,0.763,9.6,34.2,43.8,21.3,7.2,4.4,14.1,19.2,100.4,24.7,3.59,96.0,0.552,55.0,27.0,2018
3,4.0,Miami Heat,82,243.0,37.7,83.8,0.45,9.6,26.6,0.36,28.1,57.2,0.491,18.0,23.0,0.783,9.1,34.0,43.1,21.0,7.5,4.6,14.1,19.4,102.9,26.5,0.48,95.6,0.551,44.0,38.0,2018
4,5.0,Portland Trail Blazers,82,240.9,38.4,85.9,0.447,9.7,26.6,0.364,28.7,59.3,0.484,16.6,22.0,0.755,9.3,33.6,42.9,20.2,7.3,5.1,12.6,19.1,103.0,25.6,2.6,96.5,0.549,49.0,33.0,2018
5,6.0,Toronto Raptors,82,241.8,38.4,85.6,0.449,8.9,25.0,0.357,29.5,60.6,0.486,18.2,23.7,0.767,9.8,32.6,42.4,21.8,7.2,4.9,14.3,19.9,103.9,25.8,7.78,97.4,0.575,59.0,23.0,2018
6,7.0,Detroit Pistons,82,241.5,39.1,85.2,0.459,11.1,30.8,0.359,28.0,54.4,0.515,14.6,18.9,0.776,9.2,34.5,43.8,25.2,7.3,4.9,14.8,18.4,103.9,25.9,-0.15,96.2,0.543,39.0,43.0,2018
7,8.0,Houston Rockets,82,240.9,39.6,85.6,0.462,10.1,28.8,0.351,29.5,56.7,0.519,14.6,19.6,0.746,8.7,33.4,42.0,22.4,7.4,4.4,14.6,20.4,103.9,29.8,8.48,97.6,0.59,65.0,17.0,2018
8,9.0,Indiana Pacers,82,240.9,39.4,84.8,0.465,10.6,30.4,0.349,28.8,54.4,0.53,14.8,19.5,0.757,10.2,32.8,43.0,23.2,7.0,5.2,15.5,18.5,104.2,26.2,1.38,96.0,0.557,48.0,34.0,2018
9,10.0,Oklahoma City Thunder,82,241.8,38.5,84.0,0.458,11.2,30.6,0.367,27.3,53.4,0.511,16.2,21.1,0.769,9.5,32.6,42.2,23.3,7.7,4.6,16.0,21.3,104.4,27.3,3.41,96.7,0.546,48.0,34.0,2018
10,11.0,Philadelphia 76ers,82,241.2,38.0,87.6,0.434,10.1,29.6,0.342,27.9,58.0,0.482,19.1,25.6,0.745,10.0,32.2,42.2,21.7,8.5,5.1,14.3,20.4,105.3,25.8,4.5,99.8,0.568,52.0,30.0,2018
11,12.0,Dallas Mavericks,82,241.5,39.3,83.8,0.469,10.7,29.4,0.363,28.6,54.4,0.526,16.2,21.4,0.757,8.8,36.9,45.8,23.5,7.2,4.5,13.7,19.6,105.4,27.7,-3.04,95.6,0.544,24.0,58.0,2018
12,13.0,Memphis Grizzlies,82,240.3,37.1,80.3,0.462,10.7,29.0,0.368,26.5,51.3,0.516,20.6,26.8,0.769,9.5,33.0,42.5,22.1,8.1,5.1,14.8,20.4,105.5,26.0,-6.21,94.9,0.539,22.0,60.0,2018
13,14.0,Sacramento Kings,82,240.9,38.7,82.4,0.47,11.9,31.5,0.377,26.8,50.9,0.527,16.4,21.5,0.765,9.1,34.7,43.8,23.6,7.8,4.7,14.3,17.3,105.8,26.4,-6.99,94.9,0.529,27.0,55.0,2018
14,15.0,Washington Wizards,82,242.1,39.0,84.4,0.462,10.2,29.2,0.349,28.8,55.2,0.522,17.9,23.5,0.761,9.8,32.7,42.5,22.3,7.8,4.7,14.9,20.0,106.0,26.9,0.59,96.6,0.56,43.0,39.0,2018
15,16.0,Milwaukee Bucks,82,241.8,39.1,83.7,0.468,10.1,27.1,0.372,29.0,56.6,0.513,18.4,23.5,0.783,10.0,32.8,42.7,23.6,7.1,4.5,15.6,19.9,106.8,25.9,-0.3,96.2,0.571,44.0,38.0,2018
16,17.0,Minnesota Timberwolves,82,241.5,40.2,84.7,0.475,10.9,29.6,0.366,29.4,55.0,0.534,16.0,20.5,0.779,9.8,32.0,41.8,23.9,6.5,4.7,15.1,20.9,107.3,27.1,2.23,96.0,0.566,47.0,35.0,2018
17,18.0,Golden State Warriors,82,240.6,40.2,90.0,0.447,10.4,29.2,0.357,29.8,60.8,0.49,16.7,22.0,0.758,10.9,31.6,42.5,23.6,8.7,3.7,14.3,18.5,107.5,28.8,5.98,99.6,0.603,58.0,24.0,2018
18,19.0,Charlotte Hornets,82,241.2,41.1,87.8,0.468,11.3,30.1,0.375,29.8,57.7,0.516,14.5,18.2,0.795,8.4,35.3,43.7,24.7,6.6,4.9,13.6,22.4,108.0,26.6,0.26,98.4,0.549,36.0,46.0,2018
19,20.0,New York Knicks,82,241.8,39.4,86.3,0.457,11.2,30.4,0.368,28.2,55.9,0.505,18.0,23.2,0.774,10.2,33.0,43.2,24.0,8.2,4.7,13.4,18.4,108.0,26.3,-3.56,96.8,0.544,29.0,53.0,2018
20,21.0,Orlando Magic,82,240.6,40.9,87.5,0.468,10.0,27.6,0.362,30.9,60.0,0.516,16.4,21.2,0.773,10.6,35.3,45.9,24.4,7.8,4.9,14.2,19.0,108.2,25.6,-4.82,98.1,0.545,25.0,57.0,2018
21,22.0,Denver Nuggets,82,242.4,41.3,86.7,0.476,10.9,28.8,0.378,30.4,57.9,0.525,15.0,20.4,0.738,9.8,31.9,41.6,24.7,8.0,4.8,13.8,20.7,108.5,25.1,1.48,96.8,0.57,46.0,36.0,2018
22,23.0,Atlanta Hawks,82,240.3,40.7,86.7,0.469,11.6,30.7,0.377,29.1,56.0,0.52,15.9,20.6,0.772,10.3,34.0,44.2,26.1,8.7,5.5,15.1,20.3,108.8,25.4,-5.45,98.3,0.547,24.0,58.0,2018
23,24.0,Los Angeles Clippers,82,240.3,40.2,87.7,0.458,10.7,30.2,0.356,29.5,57.5,0.512,17.8,22.7,0.782,10.6,33.0,43.6,24.6,8.5,5.6,14.1,22.0,109.0,27.0,0.04,98.7,0.564,42.0,40.0,2018
24,25.0,Los Angeles Lakers,82,242.7,41.0,89.9,0.456,10.4,30.1,0.346,30.6,59.8,0.512,17.1,22.5,0.761,10.2,34.6,44.8,23.6,8.3,5.5,14.3,20.5,109.6,23.7,-1.55,100.3,0.548,35.0,47.0,2018
25,26.0,Cleveland Cavaliers,82,240.6,41.8,88.3,0.474,11.7,31.7,0.368,30.2,56.6,0.533,14.6,19.4,0.756,9.9,33.7,43.6,25.9,7.5,4.1,13.5,20.7,109.9,30.6,0.94,98.0,0.584,50.0,32.0,2018
26,27.0,Chicago Bulls,82,242.1,41.0,86.8,0.472,12.1,32.7,0.37,28.9,54.1,0.534,15.9,20.2,0.787,8.4,37.2,45.7,25.9,7.2,5.2,13.6,17.4,110.0,24.4,-7.04,98.3,0.529,27.0,55.0,2018
27,28.0,Brooklyn Nets,82,242.1,41.7,89.4,0.466,9.0,24.5,0.369,32.6,64.9,0.503,17.9,23.4,0.766,10.4,36.4,46.8,21.7,7.7,5.5,12.4,19.7,110.3,25.1,-3.74,98.9,0.551,28.0,54.0,2018
28,29.0,New Orleans Pelicans,82,243.4,41.7,91.9,0.454,10.9,30.6,0.355,30.9,61.3,0.503,16.1,20.5,0.784,10.8,34.7,45.5,23.7,8.2,4.2,14.5,20.4,110.4,27.6,1.3,100.5,0.573,48.0,34.0,2018
29,30.0,Phoenix Suns,82,240.3,41.8,88.7,0.471,10.9,29.2,0.373,30.9,59.5,0.519,18.8,24.6,0.766,10.4,35.4,45.9,23.3,8.7,6.0,13.4,20.9,113.3,23.7,-9.37,100.3,0.532,21.0,61.0,2018